date,uptime_s,sync_mode,req_total,req_failures,http429,db_bytes,qa_iterations,qa_failures,qa_ops_total,qa_ops_fail,qa_op_counters
2026-09-09T09:27:25Z,6959,sync,348,4,4,237568
2026-09-13T10:03:45Z,67809,sync,3381,113,113,237568,1043,0,1043,0,"{""create"":{""total"":324,""ok"":324,""fail"":0},""update"":{""total"":205,""ok"":205,""fail"":0},""delete"":{""total"":147,""ok"":147,""fail"":0},""duplicateInsert"":{""total"":113,""ok"":113,""fail"":0},""noOpUpdate"":{""total"":105,""ok"":105,""fail"":0},""deleteRecreate"":{""total"":83,""ok"":83,""fail"":0},""flushCycle"":{""total"":66,""ok"":66,""fail"":0}}"
2026-09-14T10:23:52Z,155417,sync,7737,113,113,237568,778,0,778,0,"{""create"":{""total"":240,""ok"":240,""fail"":0},""update"":{""total"":155,""ok"":155,""fail"":0},""delete"":{""total"":100,""ok"":100,""fail"":0},""duplicateInsert"":{""total"":76,""ok"":76,""fail"":0},""noOpUpdate"":{""total"":86,""ok"":86,""fail"":0},""deleteRecreate"":{""total"":72,""ok"":72,""fail"":0},""flushCycle"":{""total"":49,""ok"":49,""fail"":0}}"
2026-09-15T09:49:51Z,239775,sync,11930,113,113,237568,587,0,587,0,"{""create"":{""total"":175,""ok"":175,""fail"":0},""update"":{""total"":127,""ok"":127,""fail"":0},""delete"":{""total"":85,""ok"":85,""fail"":0},""duplicateInsert"":{""total"":64,""ok"":64,""fail"":0},""noOpUpdate"":{""total"":45,""ok"":45,""fail"":0},""deleteRecreate"":{""total"":50,""ok"":50,""fail"":0},""flushCycle"":{""total"":41,""ok"":41,""fail"":0}}"
2026-09-16T09:45:17Z,325902,sync,16208,114,114,237568,610,0,610,0,"{""create"":{""total"":173,""ok"":173,""fail"":0},""update"":{""total"":137,""ok"":137,""fail"":0},""delete"":{""total"":106,""ok"":106,""fail"":0},""duplicateInsert"":{""total"":62,""ok"":62,""fail"":0},""noOpUpdate"":{""total"":52,""ok"":52,""fail"":0},""deleteRecreate"":{""total"":44,""ok"":44,""fail"":0},""flushCycle"":{""total"":36,""ok"":36,""fail"":0}}"
2026-09-17T09:53:02Z,412767,sync,20532,120,118,237568,661,0,661,0,"{""create"":{""total"":179,""ok"":179,""fail"":0},""update"":{""total"":141,""ok"":141,""fail"":0},""delete"":{""total"":101,""ok"":101,""fail"":0},""duplicateInsert"":{""total"":70,""ok"":70,""fail"":0},""noOpUpdate"":{""total"":68,""ok"":68,""fail"":0},""deleteRecreate"":{""total"":51,""ok"":51,""fail"":0},""flushCycle"":{""total"":51,""ok"":51,""fail"":0}}"
2026-09-18T09:28:32Z,497694,sync,24754,121,118,237568,666,0,666,0,"{""create"":{""total"":196,""ok"":196,""fail"":0},""update"":{""total"":134,""ok"":134,""fail"":0},""delete"":{""total"":90,""ok"":90,""fail"":0},""duplicateInsert"":{""total"":62,""ok"":62,""fail"":0},""noOpUpdate"":{""total"":72,""ok"":72,""fail"":0},""deleteRecreate"":{""total"":56,""ok"":56,""fail"":0},""flushCycle"":{""total"":56,""ok"":56,""fail"":0}}"
2026-09-19T09:16:10Z,583352,sync,29014,121,118,237568,662,0,662,0,"{""create"":{""total"":227,""ok"":227,""fail"":0},""update"":{""total"":123,""ok"":123,""fail"":0},""delete"":{""total"":103,""ok"":103,""fail"":0},""duplicateInsert"":{""total"":61,""ok"":61,""fail"":0},""noOpUpdate"":{""total"":63,""ok"":63,""fail"":0},""deleteRecreate"":{""total"":47,""ok"":47,""fail"":0},""flushCycle"":{""total"":38,""ok"":38,""fail"":0}}"
2026-09-20T09:38:46Z,671111,sync,33376,121,118,237568,554,0,554,0,"{""create"":{""total"":177,""ok"":177,""fail"":0},""update"":{""total"":112,""ok"":112,""fail"":0},""delete"":{""total"":75,""ok"":75,""fail"":0},""duplicateInsert"":{""total"":56,""ok"":56,""fail"":0},""noOpUpdate"":{""total"":63,""ok"":63,""fail"":0},""deleteRecreate"":{""total"":40,""ok"":40,""fail"":0},""flushCycle"":{""total"":31,""ok"":31,""fail"":0}}"
2026-09-21T10:29:12Z,760536,sync,37822,121,118,237568,821,0,821,0,"{""create"":{""total"":260,""ok"":260,""fail"":0},""update"":{""total"":156,""ok"":156,""fail"":0},""delete"":{""total"":121,""ok"":121,""fail"":0},""duplicateInsert"":{""total"":78,""ok"":78,""fail"":0},""noOpUpdate"":{""total"":85,""ok"":85,""fail"":0},""deleteRecreate"":{""total"":68,""ok"":68,""fail"":0},""flushCycle"":{""total"":53,""ok"":53,""fail"":0}}"
2026-09-22T09:41:07Z,844052,sync,41972,124,118,237568,590,0,590,0,"{""create"":{""total"":189,""ok"":189,""fail"":0},""update"":{""total"":114,""ok"":114,""fail"":0},""delete"":{""total"":82,""ok"":82,""fail"":0},""duplicateInsert"":{""total"":42,""ok"":42,""fail"":0},""noOpUpdate"":{""total"":59,""ok"":59,""fail"":0},""deleteRecreate"":{""total"":64,""ok"":64,""fail"":0},""flushCycle"":{""total"":40,""ok"":40,""fail"":0}}"
2026-09-23T09:48:39Z,930903,sync,46290,125,118,237568,663,0,663,0,"{""create"":{""total"":194,""ok"":194,""fail"":0},""update"":{""total"":137,""ok"":137,""fail"":0},""delete"":{""total"":98,""ok"":98,""fail"":0},""duplicateInsert"":{""total"":66,""ok"":66,""fail"":0},""noOpUpdate"":{""total"":68,""ok"":68,""fail"":0},""deleteRecreate"":{""total"":61,""ok"":61,""fail"":0},""flushCycle"":{""total"":39,""ok"":39,""fail"":0}}"
2026-09-24T09:45:37Z,1017119,sync,50577,148,118,237568,687,0,687,0,"{""create"":{""total"":213,""ok"":213,""fail"":0},""update"":{""total"":142,""ok"":142,""fail"":0},""delete"":{""total"":90,""ok"":90,""fail"":0},""duplicateInsert"":{""total"":70,""ok"":70,""fail"":0},""noOpUpdate"":{""total"":73,""ok"":73,""fail"":0},""deleteRecreate"":{""total"":59,""ok"":59,""fail"":0},""flushCycle"":{""total"":40,""ok"":40,""fail"":0}}"
2026-09-25T10:03:33Z,1104595,sync,54928,156,118,237568,660,0,660,0,"{""create"":{""total"":199,""ok"":199,""fail"":0},""update"":{""total"":150,""ok"":150,""fail"":0},""delete"":{""total"":97,""ok"":97,""fail"":0},""duplicateInsert"":{""total"":67,""ok"":67,""fail"":0},""noOpUpdate"":{""total"":62,""ok"":62,""fail"":0},""deleteRecreate"":{""total"":49,""ok"":49,""fail"":0},""flushCycle"":{""total"":36,""ok"":36,""fail"":0}}"
2026-09-26T09:45:27Z,1189912,sync,59166,164,126,237568,625,0,625,0,"{""create"":{""total"":191,""ok"":191,""fail"":0},""update"":{""total"":124,""ok"":124,""fail"":0},""delete"":{""total"":93,""ok"":93,""fail"":0},""duplicateInsert"":{""total"":62,""ok"":62,""fail"":0},""noOpUpdate"":{""total"":63,""ok"":63,""fail"":0},""deleteRecreate"":{""total"":39,""ok"":39,""fail"":0},""flushCycle"":{""total"":53,""ok"":53,""fail"":0}}"
2026-09-27T10:24:41Z,1278666,sync,63586,170,132,237568,596,0,596,0,"{""create"":{""total"":168,""ok"":168,""fail"":0},""update"":{""total"":120,""ok"":120,""fail"":0},""delete"":{""total"":85,""ok"":85,""fail"":0},""duplicateInsert"":{""total"":66,""ok"":66,""fail"":0},""noOpUpdate"":{""total"":54,""ok"":54,""fail"":0},""deleteRecreate"":{""total"":62,""ok"":62,""fail"":0},""flushCycle"":{""total"":41,""ok"":41,""fail"":0}}"
2026-09-28T11:31:58Z,1369103,sync,68083,170,132,237568,953,0,953,0,"{""create"":{""total"":290,""ok"":290,""fail"":0},""update"":{""total"":183,""ok"":183,""fail"":0},""delete"":{""total"":130,""ok"":130,""fail"":0},""duplicateInsert"":{""total"":103,""ok"":103,""fail"":0},""noOpUpdate"":{""total"":97,""ok"":97,""fail"":0},""deleteRecreate"":{""total"":88,""ok"":88,""fail"":0},""flushCycle"":{""total"":62,""ok"":62,""fail"":0}}"
2026-09-29T11:11:51Z,1454296,sync,72311,176,135,237568,734,0,734,0,"{""create"":{""total"":217,""ok"":217,""fail"":0},""update"":{""total"":155,""ok"":155,""fail"":0},""delete"":{""total"":104,""ok"":104,""fail"":0},""duplicateInsert"":{""total"":62,""ok"":62,""fail"":0},""noOpUpdate"":{""total"":76,""ok"":76,""fail"":0},""deleteRecreate"":{""total"":63,""ok"":63,""fail"":0},""flushCycle"":{""total"":57,""ok"":57,""fail"":0}}"
2026-09-30T10:59:32Z,1539957,sync,76565,179,136,237568,670,0,670,0,"{""create"":{""total"":185,""ok"":185,""fail"":0},""update"":{""total"":142,""ok"":142,""fail"":0},""delete"":{""total"":96,""ok"":96,""fail"":0},""duplicateInsert"":{""total"":76,""ok"":76,""fail"":0},""noOpUpdate"":{""total"":65,""ok"":65,""fail"":0},""deleteRecreate"":{""total"":62,""ok"":62,""fail"":0},""flushCycle"":{""total"":44,""ok"":44,""fail"":0}}"
2026-10-01T11:26:41Z,1627986,sync,80936,182,136,237568,676,0,676,0,"{""create"":{""total"":207,""ok"":207,""fail"":0},""update"":{""total"":140,""ok"":140,""fail"":0},""delete"":{""total"":98,""ok"":98,""fail"":0},""duplicateInsert"":{""total"":72,""ok"":72,""fail"":0},""noOpUpdate"":{""total"":68,""ok"":68,""fail"":0},""deleteRecreate"":{""total"":47,""ok"":47,""fail"":0},""flushCycle"":{""total"":44,""ok"":44,""fail"":0}}"
2026-10-02T10:56:40Z,1712584,sync,85144,193,144,237568,606,0,606,0,"{""create"":{""total"":173,""ok"":173,""fail"":0},""update"":{""total"":138,""ok"":138,""fail"":0},""delete"":{""total"":92,""ok"":92,""fail"":0},""duplicateInsert"":{""total"":66,""ok"":66,""fail"":0},""noOpUpdate"":{""total"":62,""ok"":62,""fail"":0},""deleteRecreate"":{""total"":44,""ok"":44,""fail"":0},""flushCycle"":{""total"":31,""ok"":31,""fail"":0}}"
2026-10-03T10:16:10Z,1796554,sync,89319,193,144,237568,561,0,561,0,"{""create"":{""total"":185,""ok"":185,""fail"":0},""update"":{""total"":99,""ok"":99,""fail"":0},""delete"":{""total"":78,""ok"":78,""fail"":0},""duplicateInsert"":{""total"":55,""ok"":55,""fail"":0},""noOpUpdate"":{""total"":56,""ok"":56,""fail"":0},""deleteRecreate"":{""total"":53,""ok"":53,""fail"":0},""flushCycle"":{""total"":35,""ok"":35,""fail"":0}}"
2026-10-04T11:00:11Z,1885595,sync,93752,200,151,237568,621,0,621,0,"{""create"":{""total"":180,""ok"":180,""fail"":0},""update"":{""total"":127,""ok"":127,""fail"":0},""delete"":{""total"":102,""ok"":102,""fail"":0},""duplicateInsert"":{""total"":62,""ok"":62,""fail"":0},""noOpUpdate"":{""total"":59,""ok"":59,""fail"":0},""deleteRecreate"":{""total"":42,""ok"":42,""fail"":0},""flushCycle"":{""total"":49,""ok"":49,""fail"":0}}"
2026-10-05T12:07:14Z,1976018,sync,98244,202,151,237568,890,0,890,0,"{""create"":{""total"":272,""ok"":272,""fail"":0},""update"":{""total"":165,""ok"":165,""fail"":0},""delete"":{""total"":143,""ok"":143,""fail"":0},""duplicateInsert"":{""total"":89,""ok"":89,""fail"":0},""noOpUpdate"":{""total"":94,""ok"":94,""fail"":0},""deleteRecreate"":{""total"":64,""ok"":64,""fail"":0},""flushCycle"":{""total"":63,""ok"":63,""fail"":0}}"
2026-10-06T11:51:19Z,2061464,sync,102489,207,151,237568,754,0,754,0,"{""create"":{""total"":248,""ok"":248,""fail"":0},""update"":{""total"":134,""ok"":134,""fail"":0},""delete"":{""total"":122,""ok"":122,""fail"":0},""duplicateInsert"":{""total"":67,""ok"":67,""fail"":0},""noOpUpdate"":{""total"":70,""ok"":70,""fail"":0},""deleteRecreate"":{""total"":57,""ok"":57,""fail"":0},""flushCycle"":{""total"":56,""ok"":56,""fail"":0}}"
2026-10-07T11:36:38Z,2146981,sync,106717,255,151,237568,712,0,712,0,"{""create"":{""total"":199,""ok"":199,""fail"":0},""update"":{""total"":163,""ok"":163,""fail"":0},""delete"":{""total"":93,""ok"":93,""fail"":0},""duplicateInsert"":{""total"":79,""ok"":79,""fail"":0},""noOpUpdate"":{""total"":70,""ok"":70,""fail"":0},""deleteRecreate"":{""total"":58,""ok"":58,""fail"":0},""flushCycle"":{""total"":50,""ok"":50,""fail"":0}}"
2026-10-08T11:51:00Z,2234245,sync,111055,258,151,237568,632,0,632,0,"{""create"":{""total"":185,""ok"":185,""fail"":0},""update"":{""total"":123,""ok"":123,""fail"":0},""delete"":{""total"":121,""ok"":121,""fail"":0},""duplicateInsert"":{""total"":48,""ok"":48,""fail"":0},""noOpUpdate"":{""total"":57,""ok"":57,""fail"":0},""deleteRecreate"":{""total"":52,""ok"":52,""fail"":0},""flushCycle"":{""total"":46,""ok"":46,""fail"":0}}"
2026-10-09T11:43:04Z,2320169,sync,115324,261,154,237568,550,0,550,0,"{""create"":{""total"":170,""ok"":170,""fail"":0},""update"":{""total"":113,""ok"":113,""fail"":0},""delete"":{""total"":78,""ok"":78,""fail"":0},""duplicateInsert"":{""total"":66,""ok"":66,""fail"":0},""noOpUpdate"":{""total"":54,""ok"":54,""fail"":0},""deleteRecreate"":{""total"":33,""ok"":33,""fail"":0},""flushCycle"":{""total"":36,""ok"":36,""fail"":0}}"
